{"stats":{"minecraft:used":{"minecraft:writable_book":3,"minecraft:dropper":44,"minecraft:powered_rail":49,"minecraft:dispenser":2,"minecraft:redstone":335,"minecraft:lime_wool":44,"minecraft:oak_planks":168,"minecraft:blue_wool":23,"minecraft:chest":54,"minecraft:white_shulker_box":8,"minecraft:redstone_block":14,"minecraft:spruce_sign":1,"minecraft:light_gray_shulker_box":1,"minecraft:dark_oak_trapdoor":2,"minecraft:anvil":5,"minecraft:rail":2,"minecraft:comparator":63,"minecraft:hopper":502,"minecraft:light_blue_wool":47,"minecraft:orange_wool":54,"minecraft:yellow_concrete":11,"minecraft:shulker_box":32,"minecraft:campfire":1,"minecraft:acacia_button":1,"minecraft:cyan_wool":8,"minecraft:oak_fence_gate":4,"minecraft:redstone_torch":161,"minecraft:oak_log":1,"minecraft:glass":1,"minecraft:sticky_piston":8,"minecraft:piston":3,"minecraft:red_shulker_box":4,"minecraft:lever":1,"minecraft:red_wool":131,"minecraft:iron_block":378,"minecraft:slime_block":23,"minecraft:oak_button":1,"minecraft:stone_button":1,"minecraft:green_wool":80,"minecraft:lectern":1,"minecraft:hopper_minecart":4,"minecraft:pink_wool":12,"minecraft:yellow_wool":36,"minecraft:item_frame":14,"minecraft:repeater":130,"minecraft:redstone_lamp":2,"minecraft:magenta_wool":35,"minecraft:furnace":1,"minecraft:glass_pane":1,"minecraft:trapped_chest":2,"minecraft:stripped_oak_log":1,"minecraft:observer":88,"minecraft:purple_wool":35},"minecraft:dropped":{"minecraft:spruce_sign":1,"minecraft:bricks":13,"minecraft:anvil":1,"minecraft:lever":84,"minecraft:cooked_beef":5,"minecraft:baked_potato":3,"minecraft:oak_log":29,"minecraft:diamond":192,"minecraft:sticky_piston":1,"minecraft:yellow_wool":1,"minecraft:blue_wool":1,"minecraft:observer":1,"minecraft:enchanted_golden_apple":4,"minecraft:comparator":9,"minecraft:stripped_oak_log":1,"minecraft:hopper_minecart":2,"minecraft:red_wool":4,"minecraft:white_shulker_box":4,"minecraft:orange_wool":1,"minecraft:shulker_box":20,"minecraft:glass_pane":1,"minecraft:item_frame":2,"minecraft:gold_block":84,"minecraft:iron_block":157,"minecraft:red_shulker_box":13,"minecraft:dispenser":1,"minecraft:light_blue_wool":1,"minecraft:dropper":2,"minecraft:repeater":16,"minecraft:dark_oak_trapdoor":2,"minecraft:white_concrete":156,"minecraft:hopper":4,"minecraft:glowstone":24,"minecraft:chest":5,"minecraft:redstone_torch":12,"minecraft:writable_book":2,"minecraft:white_dye":1,"minecraft:powered_rail":19,"minecraft:glass":6,"minecraft:campfire":1,"minecraft:magenta_wool":1,"minecraft:redstone":181},"minecraft:picked_up":{"minecraft:stripped_oak_log":1,"minecraft:repeater":15,"minecraft:light_gray_shulker_box":1,"minecraft:anvil":1,"minecraft:oak_log":1,"minecraft:item_frame":1,"minecraft:comparator":1,"minecraft:redstone_torch":18,"minecraft:powered_rail":19,"minecraft:chest":1,"minecraft:blue_wool":1,"minecraft:red_wool":3,"minecraft:redstone":33,"minecraft:shulker_box":22,"minecraft:orange_wool":17,"minecraft:red_shulker_box":8,"minecraft:diamond":128,"minecraft:iron_block":1770,"minecraft:glowstone":1,"minecraft:white_concrete":65,"minecraft:white_shulker_box":6,"minecraft:rail":1},"minecraft:custom":{"minecraft:inspect_dropper":70,"minecraft:inspect_hopper":250,"minecraft:play_one_minute":239709,"minecraft:open_shulker_box":110,"minecraft:leave_game":6,"minecraft:time_since_death":239709,"minecraft:time_since_rest":239709,"minecraft:sprint_one_cm":12215,"minecraft:walk_one_cm":134682,"minecraft:trigger_trapped_chest":40,"minecraft:drop":457,"minecraft:fly_one_cm":665061,"minecraft:open_chest":226,"minecraft:crouch_one_cm":9217,"minecraft:sneak_time":18422,"minecraft:interact_with_lectern":12,"minecraft:jump":651,"minecraft:inspect_dispenser":41}},"DataVersion":1963}