{"stats":{"minecraft:custom":{"minecraft:mob_kills":2,"minecraft:inspect_hopper":3,"minecraft:play_one_minute":139244,"minecraft:leave_game":12,"minecraft:time_since_death":101874,"minecraft:time_since_rest":101909,"minecraft:sprint_one_cm":89497,"minecraft:damage_taken":200,"minecraft:walk_one_cm":187631,"minecraft:drop":135,"minecraft:damage_dealt":50,"minecraft:damage_dealt_absorbed":140,"minecraft:fly_one_cm":780379,"minecraft:crouch_one_cm":6531,"minecraft:deaths":1,"minecraft:sneak_time":5000,"minecraft:walk_under_water_one_cm":424,"minecraft:jump":952,"minecraft:walk_on_water_one_cm":451,"minecraft:fall_one_cm":1173},"minecraft:used":{"minecraft:oak_fence":11,"minecraft:water_bucket":2,"minecraft:diorite":5,"minecraft:end_rod":1,"minecraft:damaged_anvil":1,"minecraft:iron_bars":1,"minecraft:iron_ore":5,"minecraft:flint_and_steel":33,"minecraft:redstone":7,"minecraft:oak_sign":11,"minecraft:sandstone":24,"minecraft:stone":453,"minecraft:structure_block":21,"minecraft:torch":33,"minecraft:dirt":1,"minecraft:comparator":9,"minecraft:tnt":66,"minecraft:oak_slab":15,"minecraft:hopper":76,"minecraft:acacia_leaves":12,"minecraft:dark_oak_door":1,"minecraft:redstone_torch":53,"minecraft:oak_log":40,"minecraft:lever":2,"minecraft:black_concrete":98,"minecraft:coal_ore":16,"minecraft:diamond_shovel":22,"minecraft:command_block":19,"minecraft:lantern":73,"minecraft:grass_block":178,"minecraft:oak_stairs":11,"minecraft:gravel":58,"minecraft:item_frame":11,"minecraft:green_carpet":1,"minecraft:diamond_sword":2,"minecraft:glowstone":5,"minecraft:cobblestone":18,"minecraft:jungle_button":7,"minecraft:bone_meal":17},"minecraft:mined":{"minecraft:torch":1,"minecraft:redstone_torch":12},"minecraft:picked_up":{"minecraft:andesite":3,"minecraft:jungle_button":1,"minecraft:flint_and_steel":4,"minecraft:armor_stand":1,"minecraft:oak_sign":7,"minecraft:wheat_seeds":10,"minecraft:comparator":1,"minecraft:redstone_torch":14,"minecraft:iron_ore":1,"minecraft:poppy":1,"minecraft:stick":3,"minecraft:sandstone":1,"minecraft:torch":3,"minecraft:dandelion":1,"minecraft:diorite":1,"minecraft:command_block":1,"minecraft:black_concrete":1,"minecraft:granite":6,"minecraft:hopper":2,"minecraft:cobblestone":62},"minecraft:dropped":{"minecraft:lever":1,"minecraft:oak_log":1,"minecraft:tnt":1,"minecraft:cobblestone":16,"minecraft:lantern":1,"minecraft:comparator":1,"minecraft:oak_sign":6,"minecraft:grass_block":2,"minecraft:flint_and_steel":9,"minecraft:stick":1,"minecraft:diamond_sword":1,"minecraft:dirt":1,"minecraft:stone":2,"minecraft:jungle_button":1,"minecraft:coal_ore":2,"minecraft:hopper":3,"minecraft:glowstone":1,"minecraft:redstone_torch":14,"minecraft:iron_ore":1,"minecraft:sandstone":2,"minecraft:black_concrete":65,"minecraft:armor_stand":3}},"DataVersion":1968}